at_studentkey,at_classkey,at_grade
1,216,74
1,25,75
1,49,84
1,186,84
1,163,90
1,154,86
2,69,82
2,97,98
2,119,97
2,70,84
3,162,82
3,60,78
3,49,88
3,116,60
3,127,82
3,107,75
4,107,65
4,179,98
4,14,95
4,217,83
4,140,75
5,123,86
5,39,85
5,147,82
5,251,81
5,105,88
5,261,97
6,176,86
6,182,78
6,113,62
7,234,76
7,63,61
7,175,83
7,211,98
7,114,100
7,149,96
8,92,92
8,80,65
8,238,73
8,14,100
9,128,80
9,201,88
9,46,63
9,263,90
10,98,94
10,128,94
10,177,91
10,227,82
10,21,77
10,162,74
11,32,79
11,187,72
11,158,79
11,248,64
11,120,97
12,136,85
12,267,65
12,211,90
12,159,74
12,128,94
13,58,67
13,204,74
13,201,67
14,247,89
14,59,73
14,90,100
14,26,85
14,94,70
15,127,95
15,175,75
15,141,97
15,6,71
16,199,87
16,70,60
16,157,78
16,261,88
17,199,80
17,229,90
17,261,67
17,95,87
18,107,87
18,8,75
18,19,83
18,57,82
18,100,79
19,147,84
19,244,89
19,117,68
19,51,95
19,220,72
19,214,81
20,167,60
20,218,62
20,195,60
20,91,69
20,130,82
20,90,62
21,40,99
21,197,96
21,144,77
22,177,68
22,196,67
22,111,62
22,186,97
22,126,65
23,237,61
23,207,68
23,229,64
23,152,74
23,238,71
24,192,84
24,228,91
24,20,66
24,70,63
25,167,89
25,225,62
25,181,63
25,183,80
26,106,83
26,205,79
26,113,62
26,164,71
27,104,92
27,58,82
27,210,81
27,197,70
28,69,73
28,173,63
28,109,89
28,135,89
29,161,72
29,240,68
29,22,63
29,95,64
30,253,75
30,111,76
30,196,76
30,105,86
30,249,72
31,88,79
31,249,84
31,140,97
31,6,86
31,186,77
31,57,89
32,25,84
32,252,70
32,121,86
32,27,68
32,89,79
33,219,73
33,160,67
33,182,68
34,81,81
34,142,78
34,151,69
35,159,76
35,104,60
35,219,67
35,33,84
35,268,86
35,172,63
36,179,82
36,84,94
36,36,85
36,273,97
36,72,100
37,90,83
37,46,64
37,147,70
38,205,80
38,146,96
38,144,85
39,158,69
39,41,76
39,211,78
40,240,70
40,73,64
40,174,91
40,111,71
40,132,82
41,198,88
41,133,77
41,184,98
42,229,99
42,40,85
42,169,98
42,44,73
42,147,89
43,116,65
43,259,96
43,229,68
44,213,93
44,182,86
44,1,87
44,19,81
44,127,78
45,225,93
45,188,61
45,162,89
45,18,67
45,41,93
45,56,92
46,197,96
46,107,81
46,137,99
46,101,94
46,135,71
46,229,87
47,51,60
47,61,80
47,2,94
47,74,97
47,183,93
47,159,85
48,137,62
48,196,68
48,10,71
48,103,60
48,64,61
49,204,88
49,49,84
49,165,89
49,208,69
50,82,75
50,169,89
50,10,84
50,126,97
50,260,65
50,160,78
51,268,99
51,101,85
51,126,82
51,246,87
51,109,76
51,16,100
52,45,86
52,265,92
52,195,98
52,237,96
53,185,94
53,92,79
53,179,95
53,163,60
53,16,86
53,246,65
54,104,98
54,25,69
54,238,68
55,254,74
55,128,67
55,9,95
56,257,61
56,62,81
56,105,88
56,193,78
56,78,64
56,44,82
57,69,60
57,223,85
57,160,98
58,107,87
58,137,60
58,48,88
58,61,83
59,182,68
59,13,83
59,132,98
60,71,80
60,182,96
60,75,91
60,183,74
60,91,96
60,265,69
61,190,81
61,125,98
61,147,86
61,209,95
61,144,75
62,33,96
62,26,95
62,272,90
62,148,71
62,214,66
62,48,99
63,12,75
63,48,89
63,128,62
63,35,99
63,88,86
64,74,85
64,38,96
64,150,71
64,17,66
65,96,74
65,106,63
65,78,76
66,144,71
66,25,75
66,233,94
66,138,79
67,193,92
67,83,87
67,69,93
67,140,96
67,270,76
68,266,70
68,252,64
68,133,68
68,163,63
68,173,61
69,152,64
69,111,78
69,219,87
70,175,94
70,215,60
70,92,98
70,62,76
71,191,95
71,60,85
71,91,62
72,80,78
72,236,77
72,52,87
72,79,82
73,2,76
73,147,97
73,206,87
73,97,67
74,71,61
74,179,97
74,258,85
74,67,77
75,56,72
75,238,71
75,188,66
75,230,80
75,43,74
75,112,77
76,45,63
76,151,62
76,226,63
76,184,63
76,171,72
77,163,69
77,222,85
77,203,73
78,244,82
78,38,63
78,61,71
78,100,70
78,270,91
78,94,64
79,119,86
79,97,60
79,156,96
79,27,62
79,64,93
79,74,75
80,122,63
80,158,76
80,168,89
80,142,76
80,118,89
80,128,62
81,175,74
81,196,77
81,209,86
81,223,63
81,52,70
82,112,83
82,170,80
82,119,82
82,226,86
83,41,82
83,60,100
83,62,69
84,217,89
84,201,78
84,73,93
84,140,61
84,207,82
85,12,95
85,42,71
85,185,84
85,110,84
85,245,97
85,229,83
86,201,65
86,106,95
86,52,97
86,266,67
86,128,97
87,2,98
87,104,96
87,36,71
87,1,80
87,21,78
87,270,95
88,275,66
88,203,80
88,87,96
88,67,70
89,78,62
89,75,84
89,128,97
89,256,78
90,101,94
90,223,79
90,215,67
90,259,91
90,149,71
91,217,68
91,27,81
91,228,96
91,52,62
91,78,73
91,76,89
92,120,77
92,255,77
92,89,89
92,172,97
92,56,71
92,82,89
93,18,88
93,47,95
93,159,60
93,36,94
93,175,90
93,104,98
94,140,99
94,118,74
94,159,66
94,227,100
94,46,77
95,165,99
95,252,78
95,209,82
95,254,74
95,141,61
96,156,61
96,221,68
96,157,79
96,267,80
96,215,69
97,21,81
97,275,96
97,5,86
98,61,68
98,46,100
98,156,95
98,104,61
98,57,80
99,184,82
99,89,74
99,202,100
100,7,97
100,201,79
100,54,97
100,6,63
100,131,64
100,176,65
101,229,96
101,104,85
101,243,92
101,69,90
101,89,95
102,35,73
102,273,82
102,245,75
102,61,88
102,101,67
103,137,64
103,154,99
103,26,93
103,96,83
103,254,75
103,227,86
104,31,89
104,29,69
104,167,100
105,134,77
105,196,87
105,119,92
106,127,77
106,45,84
106,224,84
106,266,78
107,71,87
107,68,92
107,111,96
108,42,66
108,43,98
108,52,89
108,65,88
108,46,78
109,33,86
109,174,84
109,233,66
110,96,98
110,221,95
110,105,67
111,55,77
111,143,91
111,263,73
112,86,94
112,239,69
112,75,73
113,18,67
113,134,93
113,269,64
113,1,66
113,89,98
113,139,91
114,99,91
114,218,72
114,21,84
115,150,92
115,26,82
115,35,61
115,59,66
116,117,87
116,118,71
116,85,77
117,129,63
117,177,75
117,39,98
118,82,61
118,68,64
118,205,65
118,65,91
119,67,60
119,180,74
119,138,60
120,88,82
120,249,95
120,68,68
121,117,63
121,155,100
121,161,77
121,126,90
121,216,65
122,111,98
122,22,100
122,15,89
123,107,92
123,122,97
123,74,66
123,175,84
123,103,60
124,213,91
124,75,81
124,135,90
125,68,97
125,38,88
125,104,99
125,46,77
125,83,76
126,173,91
126,207,81
126,213,79
127,20,88
127,273,69
127,174,71
128,159,61
128,113,83
128,158,83
129,204,66
129,223,76
129,89,87
129,256,78
129,2,88
129,15,98
130,60,73
130,254,61
130,208,61
130,244,99
130,23,65
131,271,98
131,269,78
131,148,61
131,200,70
131,144,99
132,136,100
132,232,71
132,190,64
132,89,91
133,216,81
133,217,99
133,99,71
133,221,94
134,14,65
134,90,67
134,125,71
134,109,98
135,261,86
135,58,89
135,16,69
136,189,91
136,178,76
136,218,83
136,67,83
137,226,75
137,182,99
137,228,70
137,250,95
138,228,63
138,175,78
138,80,67
138,71,65
138,75,84
138,118,75
139,132,60
139,90,87
139,44,76
140,150,78
140,176,78
140,125,86
140,218,72
140,123,72
140,196,77
141,50,78
141,202,84
141,155,96
141,109,65
142,127,85
142,53,77
142,41,69
142,152,81
143,194,93
143,225,100
143,221,87
143,29,63
143,217,68
143,46,81
144,253,71
144,264,78
144,16,81
144,192,62
144,78,95
145,119,80
145,113,84
145,240,62
145,252,66
145,42,91
145,155,80
146,130,91
146,46,93
146,115,71
146,259,78
146,6,81
146,139,87
147,214,98
147,236,93
147,24,61
147,101,84
147,88,76
147,186,61
148,12,66
148,80,99
148,210,63
148,247,95
148,176,87
148,145,71
149,8,83
149,259,96
149,30,75
149,92,91
150,179,96
150,125,64
150,3,65
150,188,65
150,154,85
151,262,71
151,222,78
151,224,95
151,181,76
151,40,69
151,238,68
152,123,88
152,3,73
152,200,71
153,66,82
153,231,85
153,130,73
153,89,94
154,173,80
154,127,100
154,200,70
154,22,98
155,134,99
155,148,78
155,34,80
155,75,64
155,117,64
156,128,62
156,275,76
156,158,86
156,86,71
156,212,86
157,111,89
157,54,68
157,45,96
157,48,72
157,39,97
158,148,99
158,81,63
158,159,100
158,102,94
159,221,100
159,245,93
159,83,70
160,209,72
160,84,68
160,41,88
160,135,75
160,262,70
160,253,73
161,88,81
161,184,67
161,124,77
162,208,73
162,274,76
162,97,77
162,92,72
162,258,86
162,98,95
163,20,91
163,60,93
163,207,80
164,185,70
164,6,72
164,204,81
164,100,70
164,235,82
164,136,93
165,271,81
165,168,64
165,252,61
165,20,93
165,274,99
165,123,97
166,179,84
166,210,90
166,206,68
166,50,97
167,114,95
167,24,75
167,179,88
167,48,83
167,208,65
167,167,70
168,248,70
168,15,71
168,168,95
169,79,79
169,271,76
169,215,72
169,135,64
169,76,64
169,273,70
170,221,68
170,230,70
170,179,65
170,98,100
170,16,93
171,270,73
171,185,100
171,149,89
171,123,68
172,54,88
172,213,66
172,99,99
172,218,84
172,82,83
173,1,62
173,248,72
173,170,99
173,35,67
174,126,97
174,90,64
174,93,61
174,132,80
174,114,97
174,113,91
175,178,93
175,152,75
175,238,94
176,91,65
176,74,99
176,16,92
176,213,78
177,45,78
177,180,65
177,107,92
177,31,89
177,74,89
177,128,71
178,28,89
178,42,65
178,85,96
178,82,72
179,273,63
179,43,69
179,45,87
180,250,82
180,266,87
180,251,100
180,162,68
180,89,72
180,53,93
181,267,65
181,268,72
181,256,84
182,214,62
182,136,94
182,47,92
182,89,68
182,43,76
182,125,83
183,72,77
183,56,64
183,22,82
184,7,69
184,141,84
184,159,87
184,264,88
184,261,64
185,126,93
185,217,86
185,175,73
185,187,61
186,23,84
186,105,78
186,224,91
186,221,73
186,9,62
187,130,94
187,229,84
187,185,90
187,40,87
187,212,78
187,242,94
188,121,98
188,240,69
188,49,68
188,204,65
188,124,67
188,1,85
189,58,60
189,109,67
189,134,70
189,107,94
189,223,90
190,243,74
190,48,94
190,30,89
190,234,77
191,87,85
191,8,71
191,18,74
192,215,83
192,177,65
192,144,83
192,131,71
192,74,94
192,259,68
193,200,74
193,143,76
193,208,65
193,107,72
194,137,80
194,205,91
194,40,71
194,82,66
195,154,85
195,59,83
195,136,65
196,182,91
196,190,67
196,213,89
196,52,70
196,71,70
197,203,94
197,274,73
197,87,94
197,20,75
197,2,96
198,256,99
198,198,62
198,150,97
198,129,99
198,176,98
198,49,64
199,192,93
199,158,79
199,69,94
199,191,75
200,246,91
200,167,60
200,256,63
200,11,97
201,85,93
201,261,83
201,179,65
201,64,81
202,183,87
202,249,65
202,193,74
203,202,98
203,231,65
203,220,64
203,207,72
203,157,79
204,264,62
204,183,67
204,175,72
204,232,99
205,210,77
205,75,89
205,227,93
205,35,86
205,39,100
205,251,79
206,29,87
206,1,89
206,150,93
206,152,85
207,262,98
207,190,98
207,51,75
208,49,74
208,213,89
208,193,82
208,1,84
208,273,77
208,265,66
209,250,79
209,103,89
209,125,86
209,226,69
209,189,65
209,40,74
210,96,64
210,61,77
210,213,99
210,5,67
210,143,93
210,1,63
211,85,71
211,248,99
211,170,95
212,122,94
212,141,79
212,71,70
212,2,72
212,173,79
213,86,78
213,113,99
213,217,71
214,246,73
214,161,96
214,120,63
215,137,84
215,119,83
215,258,100
215,237,77
215,211,78
215,60,85
216,268,86
216,19,80
216,271,95
216,44,64
216,40,79
216,90,89
217,211,74
217,218,94
217,235,61
218,275,83
218,131,64
218,111,64
219,241,99
219,195,71
219,257,75
219,85,75
219,132,63
220,208,64
220,111,100
220,48,68
220,116,76
220,31,96
220,180,84
221,223,85
221,210,85
221,150,84
221,135,94
221,68,78
221,174,93
222,139,80
222,247,96
222,173,68
222,94,72
222,269,81
222,265,75
223,26,66
223,67,70
223,172,78
224,100,90
224,50,93
224,122,87
224,118,83
224,238,76
225,18,73
225,105,100
225,7,94
225,240,81
226,258,82
226,80,67
226,275,100
226,202,93
226,242,77
227,99,80
227,261,95
227,253,82
227,229,99
227,127,79
227,215,77
228,98,95
228,96,86
228,269,72
229,258,65
229,88,100
229,42,68
229,166,77
229,104,89
229,99,74
230,160,83
230,111,79
230,248,93
230,141,66
231,4,76
231,87,60
231,148,69
231,268,95
232,223,68
232,72,61
232,57,62
232,252,76
233,137,99
233,105,70
233,184,84
233,36,66
234,31,98
234,2,83
234,13,72
234,67,62
234,224,60
234,151,66
235,107,82
235,53,66
235,80,63
235,159,64
235,102,81
236,123,89
236,120,81
236,248,97
236,208,87
236,85,99
237,32,68
237,99,86
237,46,63
238,170,65
238,36,97
238,104,73
238,211,69
238,63,72
238,206,95
239,115,97
239,19,69
239,155,71
239,229,62
239,38,81
239,186,95
240,12,72
240,11,89
240,161,94
240,196,70
241,83,78
241,131,71
241,32,100
241,231,91
242,239,96
242,223,69
242,13,91
242,243,73
242,36,83
243,181,81
243,264,75
243,106,70
243,73,71
243,59,93
243,114,83
244,150,99
244,258,92
244,82,71
244,63,65
245,120,90
245,26,61
245,196,71
245,170,67
246,254,97
246,23,77
246,85,66
246,42,60
246,33,89
246,216,68
247,203,92
247,101,87
247,89,99
247,28,78
247,49,90
247,113,98
248,69,79
248,143,94
248,30,72
248,124,86
248,174,93
248,130,74
249,26,78
249,219,71
249,197,66
249,180,66
250,164,95
250,100,60
250,124,74
250,192,68
250,147,72
250,93,85
251,14,91
251,171,67
251,244,65
251,170,73
251,241,61
252,184,95
252,212,75
252,151,67
253,48,69
253,130,80
253,73,77
253,147,65
253,172,90
253,30,96
254,124,69
254,52,91
254,134,71
254,17,66
254,83,84
255,112,72
255,258,71
255,6,72
256,168,96
256,100,68
256,4,79
256,274,86
257,163,92
257,170,91
257,23,94
257,21,72
258,204,98
258,235,91
258,181,63
258,49,92
259,192,78
259,153,75
259,208,71
259,89,74
259,200,69
260,31,97
260,61,69
260,82,82
260,110,82
260,235,95
261,142,93
261,50,66
261,36,61
261,130,95
261,144,82
262,30,75
262,46,73
262,2,66
262,226,92
263,185,76
263,19,98
263,94,70
263,171,70
263,154,74
264,252,99
264,167,62
264,129,64
264,90,88
264,127,97
264,27,67
265,195,78
265,163,83
265,96,62
265,39,89
266,85,66
266,129,92
266,5,89
266,238,80
267,190,68
267,99,84
267,63,94
267,158,85
268,226,73
268,27,78
268,230,64
269,248,89
269,119,82
269,252,90
269,18,88
269,224,67
270,233,64
270,123,80
270,26,71
270,131,96
271,87,85
271,52,87
271,7,66
272,193,86
272,155,84
272,167,96
272,215,63
273,121,63
273,239,89
273,220,69
274,144,80
274,180,85
274,194,63
274,61,78
274,149,92
275,201,84
275,112,78
275,17,79
275,75,94
275,256,87
276,269,95
276,200,99
276,69,72
276,208,95
277,187,85
277,97,99
277,109,100
277,33,100
277,246,70
277,259,84
278,144,68
278,170,73
278,1,89
279,25,60
279,59,64
279,104,73
280,197,62
280,60,75
280,39,80
280,79,79
281,70,71
281,88,74
281,230,65
282,1,63
282,140,73
282,194,82
282,138,84
283,92,71
283,42,95
283,267,70
284,166,82
284,60,75
284,197,79
285,54,85
285,182,71
285,141,94
285,121,84
285,115,71
285,147,80
286,144,67
286,52,91
286,76,63
286,2,78
286,9,70
287,156,89
287,86,65
287,238,73
287,212,93
287,216,96
288,35,85
288,93,68
288,185,78
288,72,93
288,212,61
288,241,94
289,191,76
289,81,97
289,10,99
290,241,68
290,208,97
290,168,76
290,231,88
290,135,91
291,207,98
291,3,67
291,221,72
291,124,100
291,164,94
291,173,72
292,58,92
292,15,85
292,80,94
292,22,78
292,147,91
292,19,91
293,89,72
293,137,66
293,200,96
293,146,66
294,120,66
294,157,98
294,275,62
294,209,64
294,205,83
294,166,83
295,226,72
295,135,75
295,223,79
295,59,73
296,177,79
296,27,92
296,204,95
297,190,64
297,260,92
297,118,88
297,151,81
297,166,70
298,57,62
298,211,82
298,64,63
298,156,61
299,229,63
299,84,97
299,99,98
299,187,64
299,237,64
300,275,72
300,194,60
300,178,67
300,111,95
300,119,67
301,91,74
301,11,60
301,62,62
301,202,83
301,66,94
301,17,63
302,65,76
302,238,98
302,236,75
302,117,91
302,22,89
303,245,66
303,6,81
303,268,91
303,157,63
304,178,88
304,253,84
304,35,60
304,193,93
304,88,84
304,43,78
305,143,78
305,161,66
305,165,64
306,101,97
306,169,89
306,59,84
306,201,92
307,32,61
307,108,73
307,158,75
307,132,90
307,88,63
307,233,94
308,53,66
308,184,63
308,95,92
309,76,91
309,147,69
309,52,80
309,21,99
310,39,100
310,167,97
310,244,100
311,80,79
311,90,61
311,163,87
312,5,86
312,3,73
312,44,92
312,97,99
313,108,85
313,60,78
313,127,60
314,216,93
314,113,67
314,115,93
315,185,64
315,139,96
315,80,97
315,136,99
315,258,62
316,154,100
316,126,78
316,205,80
316,163,63
317,84,84
317,221,76
317,28,92
317,203,79
317,15,97
318,111,81
318,113,83
318,139,74
318,36,68
319,66,66
319,140,76
319,70,76
320,98,72
320,23,91
320,275,79
320,269,72
321,15,62
321,35,77
321,68,88
322,241,62
322,196,72
322,245,67
323,176,89
323,88,71
323,120,96
324,98,89
324,63,95
324,224,69
325,134,80
325,152,63
325,102,92
325,28,99
325,106,75
325,260,71
326,163,75
326,216,91
326,53,93
326,114,82
326,38,77
327,6,92
327,159,77
327,209,92
327,221,64
328,139,94
328,120,82
328,98,97
328,5,68
329,21,70
329,211,88
329,129,89
329,225,88
330,133,87
330,248,98
330,50,68
330,90,67
330,177,76
330,13,100
331,1,68
331,211,96
331,189,85
331,38,88
332,71,69
332,117,72
332,14,100
332,77,97
332,56,62
333,254,97
333,275,79
333,112,81
333,175,66
334,140,93
334,55,63
334,118,62
334,101,90
335,180,61
335,270,78
335,264,74
335,78,72
335,28,72
336,248,79
336,73,67
336,233,62
336,173,95
336,228,74
337,192,68
337,170,95
337,200,100
337,46,90
337,125,86
338,20,79
338,172,95
338,75,100
338,85,91
339,106,73
339,99,89
339,63,85
340,264,70
340,71,76
340,190,90
340,18,72
340,128,74
341,80,90
341,105,81
341,127,86
341,146,100
341,175,93
341,176,64
342,146,81
342,123,94
342,178,65
343,180,68
343,260,62
343,126,100
343,47,78
344,59,92
344,261,72
344,18,88
344,46,78
344,184,80
344,7,81
345,14,92
345,17,71
345,20,89
345,96,82
345,80,77
345,34,81
346,253,75
346,160,61
346,40,90
347,258,72
347,226,91
347,58,99
347,136,74
347,195,92
347,84,100
348,215,71
348,248,84
348,232,76
348,69,77
348,116,64
349,63,71
349,47,70
349,82,65
350,216,93
350,36,84
350,79,62
351,78,96
351,75,60
351,58,81
351,143,97
351,182,76
351,112,62
352,50,80
352,196,67
352,175,83
352,123,83
352,107,100
352,118,84
353,255,63
353,74,66
353,203,96
353,98,71
353,165,62
353,64,90
354,22,93
354,161,89
354,256,82
354,75,66
354,211,95
354,79,95
355,204,82
355,144,60
355,262,94
356,244,87
356,148,73
356,161,82
356,118,73
356,125,60
357,176,82
357,167,88
357,262,94
358,181,66
358,148,77
358,241,92
358,243,60
359,248,97
359,181,70
359,28,78
359,116,82
359,70,69
360,45,60
360,187,98
360,102,70
360,227,60
360,246,63
361,72,68
361,115,82
361,199,90
361,157,93
361,271,81
362,132,66
362,261,76
362,75,100
362,52,99
362,72,81
363,8,98
363,88,82
363,257,86
364,24,74
364,145,83
364,44,84
364,129,96
364,74,66
365,41,79
365,132,95
365,133,74
365,68,61
366,127,81
366,119,60
366,140,74
366,51,83
367,50,63
367,100,84
367,24,92
367,163,68
367,228,91
368,31,72
368,220,97
368,219,98
368,49,66
369,246,77
369,164,70
369,212,63
370,161,73
370,5,83
370,170,71
370,107,70
371,146,75
371,65,72
371,36,95
371,239,91
371,181,73
371,67,65
372,274,60
372,23,82
372,270,97
373,75,87
373,268,74
373,205,65
373,89,100
373,26,78
374,150,60
374,51,61
374,93,92
375,38,91
375,131,92
375,133,66
375,186,67
376,17,93
376,264,60
376,144,100
376,159,87
376,86,100
377,172,86
377,154,82
377,18,82
378,239,72
378,30,77
378,166,88
378,34,65
378,190,96
379,202,66
379,272,78
379,38,71
379,230,84
380,77,74
380,272,73
380,262,86
380,177,82
380,217,95
380,228,68
381,176,99
381,142,96
381,22,88
381,131,99
381,46,78
382,172,97
382,270,68
382,71,98
382,265,95
382,97,79
383,233,96
383,141,83
383,146,64
384,108,87
384,194,80
384,100,62
385,212,89
385,52,60
385,107,66
385,177,67
386,273,85
386,264,62
386,52,88
387,185,92
387,21,92
387,201,85
387,247,77
387,45,86
388,206,86
388,127,65
388,238,79
389,73,63
389,261,80
389,123,74
389,121,75
389,19,81
389,243,96
390,121,60
390,143,76
390,222,65
391,183,99
391,207,97
391,50,76
392,207,100
392,182,77
392,115,99
393,256,75
393,23,61
393,262,72
394,38,94
394,22,96
394,94,90
394,77,85
394,251,74
395,2,99
395,191,94
395,212,61
395,233,63
396,10,60
396,237,74
396,147,64
396,164,78
396,213,97
397,185,92
397,150,99
397,49,70
398,214,96
398,205,80
398,93,61
399,173,92
399,90,64
399,85,88
399,71,88
399,62,72
400,15,66
400,147,64
400,164,75
400,67,99
400,26,75
401,130,65
401,13,74
401,212,80
401,208,79
401,52,100
401,86,67
402,192,87
402,97,93
402,84,78
402,105,82
403,213,78
403,146,98
403,129,75
403,232,60
403,248,100
404,204,95
404,271,75
404,117,93
404,61,75
404,150,100
404,195,72
405,15,63
405,107,69
405,13,80
406,254,84
406,224,83
406,100,82
406,168,76
406,231,77
406,261,86
407,182,73
407,160,82
407,275,66
407,91,64
408,49,74
408,48,96
408,176,68
409,50,61
409,209,89
409,191,100
410,180,90
410,175,81
410,97,93
410,161,74
410,19,65
411,210,87
411,143,74
411,82,65
412,232,63
412,111,89
412,127,70
412,104,63
412,26,80
412,72,91
413,154,80
413,168,84
413,243,98
413,1,70
413,177,61
414,83,90
414,79,84
414,62,65
414,192,72
415,195,82
415,115,72
415,182,99
415,157,85
416,249,84
416,169,93
416,200,73
416,129,69
417,149,70
417,173,68
417,137,100
418,75,61
418,7,99
418,12,88
418,185,89
419,217,90
419,175,83
419,236,80
419,156,97
419,160,76
420,232,100
420,3,88
420,6,81
421,79,89
421,228,91
421,24,83
421,175,91
422,243,85
422,86,85
422,140,74
423,238,73
423,139,60
423,151,85
424,177,64
424,180,65
424,264,63
425,159,92
425,267,94
425,132,74
425,81,74
426,172,86
426,123,89
426,24,93
427,176,87
427,123,90
427,273,81
427,267,99
427,121,85
428,244,87
428,254,77
428,19,65
428,162,82
428,24,97
429,81,88
429,90,74
429,104,80
429,84,64
429,194,70
429,120,94
430,275,66
430,187,83
430,174,86
431,60,68
431,107,60
431,215,90
431,63,72
431,201,68
432,50,81
432,114,84
432,256,99
432,268,70
432,146,79
432,35,86
433,127,61
433,31,73
433,91,85
433,147,91
433,56,76
433,213,80
434,166,69
434,76,88
434,87,99
434,14,60
434,75,71
434,124,77
435,68,79
435,78,80
435,7,100
435,204,67
436,34,74
436,73,77
436,210,80
437,164,99
437,140,74
437,271,95
437,130,61
438,117,67
438,35,69
438,269,74
438,172,74
439,134,69
439,66,66
439,100,90
440,225,74
440,220,89
440,256,69
440,219,88
441,35,84
441,45,88
441,119,83
441,39,76
441,22,98
442,206,96
442,146,93
442,112,60
443,163,63
443,260,84
443,259,84
444,115,98
444,75,99
444,45,92
444,66,82
444,205,62
444,177,93
445,19,82
445,218,99
445,110,88
445,75,85
445,173,61
445,15,70
446,4,79
446,188,83
446,228,89
446,260,72
447,73,78
447,94,90
447,158,82
447,4,100
447,139,86
448,83,71
448,90,86
448,41,80
449,17,75
449,241,79
449,221,75
449,235,68
450,203,66
450,217,73
450,39,97
450,214,83
450,261,90
450,244,86
451,140,67
451,13,86
451,175,63
451,108,92
451,244,90
452,163,97
452,27,77
452,191,97
452,95,83
453,231,96
453,180,97
453,43,67
454,2,77
454,84,99
454,10,88
454,106,60
454,53,93
455,218,83
455,203,81
455,192,68
455,183,64
455,104,82
456,19,80
456,101,87
456,47,70
456,142,83
456,103,95
456,229,76
457,233,89
457,128,95
457,194,84
458,177,92
458,115,66
458,41,80
459,242,82
459,186,64
459,158,96
459,159,83
460,95,80
460,214,66
460,241,100
460,127,95
460,213,86
460,138,89
461,2,84
461,136,64
461,142,93
462,259,68
462,269,61
462,70,88
463,107,64
463,135,88
463,170,68
463,233,76
463,155,84
464,145,85
464,13,92
464,235,95
465,10,88
465,237,89
465,177,90
465,249,97
466,134,65
466,129,88
466,261,100
466,87,79
466,166,68
467,71,72
467,26,96
467,98,89
467,142,79
467,4,66
467,209,98
468,75,66
468,32,88
468,116,79
468,195,90
469,104,66
469,163,94
469,36,83
469,44,94
469,93,79
469,108,100
470,135,98
470,264,80
470,4,66
470,235,87
470,187,68
470,132,61
471,68,98
471,155,83
471,187,71
472,188,81
472,199,100
472,83,99
472,164,94
472,237,92
472,34,75
473,134,81
473,90,60
473,112,77
473,260,63
474,37,75
474,240,74
474,78,64
474,195,80
475,97,72
475,2,61
475,30,74
475,174,81
476,74,72
476,59,88
476,110,94
476,81,72
476,109,62
477,233,72
477,40,71
477,169,88
477,103,66
477,193,74
478,107,72
478,109,99
478,210,80
478,238,74
478,227,94
479,126,88
479,258,89
479,38,98
479,63,75
480,158,76
480,273,78
480,185,73
481,260,62
481,205,81
481,164,92
482,177,68
482,62,96
482,82,80
482,185,95
482,142,78
483,213,79
483,260,78
483,271,67
483,134,78
484,183,71
484,37,89
484,225,74
484,78,89
485,34,64
485,271,78
485,22,67
485,31,75
485,270,95
486,252,80
486,7,70
486,234,82
486,43,78
486,240,95
487,114,94
487,207,90
487,202,98
487,203,68
487,152,74
487,274,82
488,143,92
488,17,67
488,189,96
488,238,91
488,54,92
488,229,99
489,126,64
489,132,93
489,188,96
490,62,74
490,134,83
490,26,75
491,176,90
491,262,85
491,226,67
491,272,93
491,118,84
492,136,70
492,202,71
492,66,81
493,164,65
493,202,68
493,80,79
493,115,99
493,17,78
493,253,60
494,167,100
494,229,61
494,152,81
494,43,95
495,241,83
495,179,98
495,8,80
495,38,98
495,207,61
495,211,92
496,23,82
496,57,96
496,51,63
497,244,82
497,128,76
497,250,89
497,218,71
497,164,76
497,6,99
498,85,88
498,142,63
498,112,64
498,148,93
498,58,100
498,238,68
499,195,68
499,132,85
499,182,81
499,27,83
499,272,72
500,129,99
500,244,98
500,67,61
500,151,96
501,237,67
501,8,76
501,182,64
501,189,69
501,55,88
501,64,99
502,17,90
502,41,60
502,74,83
502,83,84
502,259,69
502,116,63
503,179,92
503,114,83
503,189,72
503,28,66
503,177,83
503,167,89
504,15,68
504,135,99
504,20,97
504,61,98
504,151,79
504,204,88
505,133,73
505,163,71
505,52,95
505,13,97
505,48,79
505,94,60
506,259,91
506,254,75
506,265,86
506,233,83
506,160,76
507,49,99
507,264,73
507,212,80
508,138,90
508,137,87
508,148,100
508,135,63
508,187,83
508,197,67
509,110,98
509,260,61
509,189,96
510,45,94
510,119,87
510,167,81
511,151,96
511,138,62
511,75,73
511,107,72
511,266,96
511,226,73
512,214,63
512,254,99
512,142,80
512,86,96
513,74,62
513,2,89
513,144,66
513,273,65
513,155,90
513,55,72
514,191,91
514,187,81
514,55,91
514,23,60
514,79,62
514,158,76
515,208,99
515,176,79
515,190,79
516,153,62
516,60,91
516,5,95
516,28,70
516,181,67
516,267,89
517,132,79
517,63,63
517,146,74
517,262,81
517,114,86
517,177,78
518,255,80
518,140,80
518,214,69
518,45,68
519,37,63
519,17,93
519,168,65
520,9,99
520,230,69
520,146,96
521,116,61
521,99,79
521,105,76
521,235,67
522,231,68
522,181,79
522,273,78
523,72,65
523,208,61
523,141,94
524,186,67
524,36,70
524,205,75
524,262,76
524,222,78
525,222,73
525,230,75
525,208,70
525,149,96
525,109,99
526,1,60
526,213,69
526,17,70
526,13,73
526,103,80
526,264,100
527,129,76
527,141,74
527,199,65
527,245,81
527,20,81
527,271,81
528,184,65
528,5,87
528,128,74
528,142,61
528,64,77
529,8,89
529,153,79
529,86,67
529,267,92
530,206,95
530,60,94
530,218,85
530,179,61
531,138,64
531,137,60
531,31,80
531,135,80
531,119,64
532,274,100
532,107,64
532,221,90
533,70,97
533,146,90
533,184,77
533,76,86
534,54,92
534,75,99
534,25,89
534,59,75
534,24,90
535,20,68
535,78,65
535,234,68
535,69,91
536,3,96
536,116,75
536,134,66
536,204,77
536,239,68
536,190,77
537,118,62
537,181,70
537,245,69
537,143,71
538,205,60
538,256,94
538,159,100
539,152,61
539,153,66
539,119,62
540,217,61
540,91,76
540,182,97
541,40,75
541,196,64
541,190,80
542,100,67
542,234,71
542,210,94
543,154,77
543,238,61
543,16,73
543,251,68
544,45,83
544,92,85
544,191,76
544,222,68
544,90,61
545,190,96
545,254,91
545,58,100
545,19,70
545,165,84
546,179,61
546,8,97
546,152,97
546,150,90
547,190,71
547,114,83
547,144,78
547,93,86
548,241,63
548,266,68
548,207,60
548,80,80
548,172,96
548,22,90
549,57,78
549,45,65
549,33,61
549,253,69
549,78,88
550,182,80
550,250,92
550,122,69
550,169,94
551,155,86
551,92,75
551,274,98
552,143,98
552,253,66
552,70,86
553,81,89
553,246,69
553,41,82
553,122,62
553,254,70
554,275,60
554,132,95
554,72,66
554,197,63
554,37,100
555,190,87
555,182,68
555,110,89
555,121,73
555,10,99
555,250,76
556,94,60
556,109,87
556,6,96
556,160,74
556,200,77
556,221,81
557,44,75
557,211,63
557,131,90
558,104,67
558,82,67
558,175,95
558,233,70
558,215,89
559,137,91
559,142,90
559,92,79
559,227,68
559,250,65
559,189,71
560,5,90
560,126,79
560,89,64
560,27,79
560,74,74
560,96,63
561,110,99
561,237,83
561,166,98
561,168,92
561,172,70
561,2,63
562,116,74
562,130,61
562,247,62
562,272,94
563,20,100
563,21,67
563,194,68
564,24,86
564,66,85
564,234,100
564,162,79
565,70,94
565,105,61
565,65,96
565,154,73
566,171,76
566,94,100
566,64,85
566,133,85
566,138,60
567,142,98
567,66,64
567,72,82
568,256,60
568,75,100
568,12,95
568,49,83
568,215,93
568,262,89
569,244,92
569,141,61
569,165,87
569,59,86
569,179,87
569,15,97
570,39,100
570,224,68
570,128,76
570,100,60
570,112,61
570,255,81
571,43,74
571,63,78
571,188,67
572,108,77
572,163,80
572,39,79
572,11,70
572,240,97
572,5,65
573,4,85
573,96,80
573,48,63
573,85,72
573,234,96
573,100,67
574,158,70
574,35,73
574,6,100
574,218,76
574,212,93
574,196,82
575,132,99
575,198,62
575,252,63
575,170,89
575,65,98
575,99,81
576,96,61
576,82,81
576,151,82
576,157,92
577,178,93
577,128,99
577,239,84
577,152,61
577,254,68
578,253,87
578,188,81
578,29,94
578,270,96
579,225,99
579,226,79
579,228,95
580,188,80
580,167,92
580,144,69
581,50,90
581,68,94
581,149,84
581,224,96
581,184,65
581,185,80
582,42,95
582,134,86
582,96,87
582,127,85
582,158,99
583,231,92
583,160,74
583,248,94
583,20,77
583,266,66
583,154,92
584,101,92
584,30,89
584,269,74
584,174,67
584,58,84
585,77,87
585,244,75
585,181,72
585,221,78
585,229,94
586,160,71
586,12,89
586,122,64
586,127,84
586,230,61
586,10,79
587,41,74
587,167,65
587,13,79
587,178,68
587,70,88
587,94,62
588,233,65
588,247,62
588,28,68
588,170,84
588,130,67
589,141,81
589,10,99
589,161,76
589,241,91
589,27,89
589,14,91
590,100,60
590,21,71
590,164,94
590,113,74
591,197,94
591,194,72
591,103,92
591,193,87
592,143,98
592,181,68
592,139,82
592,191,76
592,25,88
593,250,71
593,142,75
593,48,61
593,189,75
594,172,74
594,217,74
594,50,84
595,8,65
595,202,87
595,53,83
595,256,60
595,62,77
596,269,61
596,76,89
596,23,78
596,154,82
596,49,82
597,249,66
597,170,93
597,136,75
597,145,93
597,44,83
598,8,84
598,135,70
598,39,72
598,15,84
598,61,89
599,215,65
599,159,71
599,214,67
599,263,82
599,118,71
599,271,80
600,265,91
600,209,92
600,64,95
600,271,70
600,70,79
600,156,78
601,250,72
601,140,96
601,56,90
601,155,88
602,40,96
602,13,72
602,89,70
602,203,94
602,114,62
603,254,63
603,79,70
603,184,87
603,116,70
604,232,78
604,83,95
604,158,94
605,194,60
605,275,61
605,86,79
606,63,93
606,65,100
606,56,86
606,248,69
606,127,85
606,62,100
607,103,87
607,237,70
607,23,69
607,76,99
608,115,92
608,275,98
608,256,98
608,235,69
608,37,74
608,58,84
609,256,80
609,85,70
609,47,73
610,137,79
610,177,80
610,8,74
610,134,73
610,118,91
611,133,64
611,265,92
611,90,63
612,194,76
612,164,84
612,72,82
613,83,83
613,126,98
613,167,68
613,255,90
613,121,82
614,254,79
614,256,96
614,91,86
614,8,100
614,37,89
614,128,91
615,275,69
615,33,64
615,203,79
616,266,78
616,47,75
616,252,67
616,35,83
617,241,74
617,61,61
617,9,67
617,50,66
617,203,98
617,29,74
618,103,62
618,88,66
618,248,94
619,61,84
619,42,81
619,189,99
619,146,81
620,103,89
620,222,80
620,138,80
621,33,88
621,109,85
621,185,72
621,46,74
622,14,91
622,237,80
622,40,83
622,8,97
622,75,75
623,239,71
623,241,94
623,4,73
623,254,82
624,128,79
624,265,74
624,194,71
624,207,62
625,78,61
625,200,95
625,184,84
625,236,97
625,116,100
626,86,99
626,230,79
626,68,75
626,271,76
627,27,68
627,52,97
627,208,89
627,120,62
627,155,72
628,206,77
628,8,98
628,184,91
628,222,60
628,35,90
628,25,97
629,5,99
629,250,83
629,95,83
629,90,80
630,206,96
630,2,97
630,265,62
630,235,74
631,60,92
631,271,89
631,216,71
632,75,63
632,102,75
632,231,92
632,57,85
632,251,99
633,111,90
633,122,84
633,121,84
633,212,96
633,36,90
633,109,76
634,5,90
634,153,98
634,57,71
635,183,65
635,78,76
635,154,80
635,200,72
636,4,98
636,179,69
636,244,80
636,136,99
636,139,74
637,167,72
637,217,71
637,234,64
637,195,65
637,115,79
637,91,72
638,207,70
638,149,71
638,62,84
638,137,90
638,158,83
638,188,65
639,49,97
639,186,85
639,175,83
640,91,64
640,49,92
640,60,78
640,200,89
640,11,92
641,14,73
641,97,81
641,6,74
641,91,78
641,270,64
642,56,81
642,137,99
642,16,87
642,176,95
642,196,96
642,167,67
643,262,63
643,48,73
643,118,68
643,156,75
643,92,73
643,142,75
644,81,85
644,177,73
644,247,75
645,153,97
645,208,61
645,69,97
645,44,91
645,55,68
646,34,96
646,201,64
646,99,93
646,66,85
646,263,76
647,76,84
647,52,71
647,271,83
648,149,74
648,23,65
648,57,98
648,208,91
648,17,68
649,3,90
649,182,74
649,271,76
649,152,67
649,149,87
649,201,89
650,51,90
650,149,91
650,106,70
650,179,82
651,248,88
651,229,86
651,16,79
651,217,95
651,255,79
652,122,61
652,143,62
652,215,67
652,138,67
653,271,62
653,262,92
653,208,92
653,73,80
653,37,75
653,105,99
654,1,70
654,5,87
654,61,92
654,152,90
655,85,92
655,35,84
655,202,67
655,248,97
655,191,90
655,135,93
656,96,66
656,163,71
656,217,95
656,175,70
657,229,84
657,206,80
657,266,73
657,165,61
658,143,68
658,207,63
658,5,89
658,114,94
658,36,91
658,115,60
659,227,80
659,271,71
659,82,70
660,16,98
660,265,88
660,62,100
660,60,87
660,128,69
660,143,81
661,139,80
661,15,64
661,27,95
661,36,96
661,262,90
661,173,77
662,104,90
662,117,81
662,192,66
663,174,93
663,127,92
663,91,99
664,134,94
664,140,66
664,222,70
664,230,71
664,90,99
664,15,81
665,200,81
665,193,72
665,62,89
666,132,78
666,119,75
666,203,74
666,97,69
666,211,76
666,87,94
667,251,66
667,38,94
667,212,91
667,54,88
667,262,95
667,237,85
668,149,100
668,160,88
668,85,61
668,141,99
668,208,94
669,86,92
669,181,60
669,39,90
669,126,75
669,34,98
669,228,94
670,94,60
670,122,70
670,151,73
670,226,82
670,197,91
671,25,88
671,146,72
671,69,95
672,236,69
672,104,81
672,57,80
672,14,91
672,13,85
673,133,63
673,111,90
673,108,89
673,246,99
673,61,91
674,139,98
674,144,85
674,149,85
674,268,83
674,190,77
675,217,66
675,210,68
675,141,66
676,108,77
676,156,80
676,8,93
676,154,93
677,260,76
677,89,60
677,176,72
677,10,86
677,141,77
677,245,92
678,10,91
678,144,98
678,66,74
678,40,61
678,70,83
679,48,95
679,225,96
679,255,76
680,165,79
680,174,64
680,244,84
680,79,82
681,147,92
681,187,98
681,103,75
681,29,100
682,118,99
682,177,69
682,30,91
682,203,91
682,28,89
683,61,88
683,232,77
683,164,92
684,180,68
684,92,92
684,141,61
684,9,87
684,115,68
684,164,87
685,242,78
685,90,74
685,114,93
685,93,60
685,127,74
686,136,87
686,15,70
686,156,90
687,271,72
687,160,63
687,227,89
687,53,70
687,201,93
688,38,64
688,219,97
688,37,72
688,171,86
688,159,61
688,84,73
689,53,73
689,20,72
689,83,73
690,189,94
690,212,94
690,150,68
691,233,71
691,219,62
691,66,93
691,131,63
691,247,78
691,92,84
692,211,75
692,227,72
692,223,62
692,182,96
692,119,83
693,264,93
693,223,85
693,25,64
693,159,77
694,52,71
694,95,68
694,238,75
694,189,70
695,167,73
695,150,77
695,128,60
695,269,61
695,270,96
696,17,69
696,89,91
696,233,94
696,43,70
696,81,96
696,45,69
697,222,74
697,102,74
697,190,84
697,170,66
697,203,84
698,200,67
698,266,78
698,62,63
698,75,63
699,239,99
699,66,79
699,11,91
699,160,96
700,17,66
700,226,63
700,190,65
701,85,74
701,190,62
701,245,71
701,68,99
701,45,74
702,26,89
702,72,98
702,96,81
703,275,61
703,1,65
703,100,88
703,174,100
703,51,87
703,20,84
704,17,84
704,91,70
704,268,63
704,47,89
704,50,87
704,41,98
705,166,96
705,264,73
705,19,83
706,77,81
706,3,99
706,184,93
706,189,90
706,265,70
707,251,60
707,198,66
707,213,72
707,46,76
708,70,69
708,44,63
708,101,89
708,152,90
709,139,76
709,19,90
709,47,66
709,26,61
710,210,96
710,213,65
710,259,96
710,244,87
710,67,96
711,155,70
711,6,62
711,61,61
711,4,73
712,81,70
712,132,86
712,219,78
712,224,68
712,156,81
713,177,80
713,268,73
713,206,78
713,105,77
713,76,92
713,223,62
714,232,75
714,95,96
714,167,75
714,136,84
714,162,92
715,255,92
715,66,60
715,136,63
715,233,67
715,261,87
716,261,79
716,142,87
716,65,94
717,158,71
717,207,77
717,15,63
717,53,66
717,272,100
717,168,93
718,121,65
718,58,64
718,173,94
718,112,92
718,71,92
718,240,71
719,262,92
719,120,70
719,180,94
719,165,85
719,123,97
719,214,72
720,261,79
720,8,71
720,69,65
720,222,100
720,10,72
721,43,76
721,221,71
721,54,89
721,191,81
721,81,64
721,209,87
722,195,87
722,118,94
722,19,93
722,129,65
723,176,95
723,92,61
723,242,72
723,197,87
724,250,97
724,176,79
724,91,91
724,105,96
725,173,67
725,202,61
725,67,87
725,265,87
726,234,96
726,197,93
726,73,90
726,225,96
727,228,95
727,53,75
727,187,67
727,137,83
728,230,73
728,255,81
728,214,72
728,136,80
729,49,70
729,138,81
729,112,99
729,143,88
729,88,85
729,150,84
730,217,100
730,104,95
730,220,92
730,237,79
731,173,63
731,153,62
731,129,99
732,85,69
732,266,90
732,122,79
732,180,79
733,245,75
733,273,79
733,251,89
733,1,79
733,252,80
734,19,78
734,9,99
734,261,77
734,62,69
734,129,74
735,118,93
735,104,84
735,193,81
736,23,61
736,217,70
736,80,89
736,247,98
737,28,98
737,56,83
737,269,65
738,18,61
738,97,90
738,244,88
738,168,78
739,185,82
739,241,71
739,222,71
739,86,77
740,54,94
740,143,100
740,170,97
741,153,87
741,114,75
741,74,78
741,3,84
741,250,79
741,229,66
742,233,75
742,151,98
742,123,67
742,154,84
743,161,81
743,239,99
743,125,85
743,154,100
744,35,68
744,186,91
744,241,71
744,197,93
744,74,69
744,5,97
745,239,93
745,58,65
745,274,86
745,82,61
745,76,78
745,115,70
746,52,99
746,131,91
746,195,75
746,148,84
747,231,96
747,28,60
747,79,83
748,65,74
748,69,60
748,34,93
748,213,82
748,235,81
749,40,87
749,221,70
749,82,68
750,155,62
750,7,82
750,175,72
750,160,95
751,40,96
751,52,77
751,90,73
751,62,65
751,273,92
751,247,68
752,148,66
752,109,80
752,162,87
752,40,67
753,209,94
753,99,78
753,260,63
754,118,97
754,170,91
754,224,94
755,180,96
755,81,98
755,100,99
756,171,96
756,166,71
756,15,83
756,42,77
756,265,74
756,159,97
757,172,77
757,200,97
757,38,99
757,160,72
758,69,78
758,98,92
758,49,89
758,89,62
758,7,63
758,234,100
759,45,65
759,110,61
759,270,87
760,27,97
760,247,78
760,46,68
760,233,72
760,35,60
760,132,100
761,161,90
761,206,84
761,76,82
761,117,79
761,259,100
761,3,64
762,211,89
762,173,98
762,32,90
762,156,66
762,208,60
763,246,85
763,134,72
763,121,76
763,2,75
764,94,90
764,118,68
764,220,95
764,110,70
764,123,88
764,262,60
765,117,96
765,275,90
765,95,96
765,71,70
765,199,60
766,84,72
766,153,75
766,81,88
766,22,81
766,39,92
766,253,73
767,23,89
767,237,60
767,209,85
768,134,71
768,275,95
768,87,76
768,44,73
768,190,78
769,273,90
769,130,75
769,184,72
770,227,91
770,173,62
770,229,74
771,50,60
771,25,90
771,217,78
771,74,84
771,133,99
772,216,98
772,267,84
772,120,74
772,74,61
772,203,66
772,152,99
773,237,87
773,121,61
773,76,87
773,198,72
774,146,79
774,260,86
774,58,77
774,231,72
775,109,82
775,140,88
775,142,77
775,155,88
776,54,82
776,249,98
776,217,99
776,175,71
776,112,64
777,264,64
777,205,100
777,1,87
777,90,99
778,47,85
778,2,68
778,197,64
779,85,64
779,247,94
779,142,76
779,47,88
779,67,89
779,77,74
780,217,92
780,211,88
780,86,72
780,94,66
781,229,73
781,84,82
781,46,62
781,119,94
781,76,73
782,255,86
782,88,80
782,256,72
782,52,80
783,82,84
783,128,75
783,193,87
783,268,91
783,144,99
783,131,61
784,19,79
784,204,79
784,43,87
785,127,85
785,2,69
785,151,84
786,120,89
786,122,98
786,5,70
786,150,94
787,83,90
787,254,71
787,67,60
788,119,98
788,243,86
788,148,85
788,108,100
788,79,100
789,223,86
789,126,76
789,269,76
790,194,74
790,30,86
790,22,84
790,91,93
791,6,69
791,172,62
791,254,100
791,71,86
791,7,79
791,47,71
792,119,73
792,252,67
792,34,92
792,11,93
792,267,99
792,185,82
793,215,89
793,57,86
793,196,64
793,10,92
793,163,83
794,199,60
794,239,90
794,43,92
794,157,64
794,272,83
795,80,83
795,145,62
795,28,84
795,5,84
796,43,71
796,267,65
796,165,79
797,44,97
797,115,63
797,163,83
797,34,95
797,58,74
797,179,100
798,71,85
798,165,96
798,92,78
798,35,62
799,120,86
799,46,84
799,7,78
799,243,94
800,123,61
800,92,94
800,69,82
801,46,65
801,221,70
801,100,64
802,244,81
802,251,99
802,12,99
802,129,100
802,8,82
802,194,74
803,128,96
803,130,74
803,133,81
803,202,63
803,257,86
804,65,70
804,255,97
804,69,66
804,126,95
804,41,72
804,9,100
805,275,87
805,225,92
805,74,82
805,31,64
806,14,89
806,51,85
806,53,86
806,86,62
806,84,66
807,40,90
807,260,64
807,188,81
807,237,98
808,71,90
808,196,86
808,126,87
808,1,72
809,96,63
809,106,89
809,12,82
809,130,64
810,114,87
810,62,99
810,162,97
810,226,69
810,222,74
810,173,61
811,212,71
811,133,85
811,28,79
811,235,71
811,163,92
811,115,68
812,44,86
812,137,98
812,27,87
812,86,89
813,148,74
813,172,88
813,36,97
814,26,89
814,235,85
814,23,85
814,241,82
814,237,89
814,33,90
815,213,67
815,225,99
815,238,85
815,244,61
815,76,96
816,230,97
816,91,98
816,209,60
817,184,81
817,171,64
817,223,98
817,75,62
817,113,75
818,110,66
818,202,85
818,175,81
818,189,91
818,149,99
819,202,100
819,195,75
819,217,70
819,99,68
819,204,70
819,134,64
820,151,89
820,19,80
820,217,98
821,50,69
821,221,60
821,257,81
821,274,83
821,214,73
822,207,92
822,253,71
822,260,97
823,41,73
823,35,75
823,185,75
823,216,90
823,57,64
824,49,68
824,158,82
824,2,92
824,20,69
825,248,63
825,115,85
825,11,86
825,190,96
825,162,77
825,102,97
826,22,79
826,44,65
826,192,60
826,118,81
827,12,65
827,8,71
827,149,74
827,24,60
827,137,92
828,201,68
828,121,70
828,186,71
829,161,85
829,53,74
829,193,88
829,132,74
830,189,64
830,224,61
830,133,87
830,192,71
830,195,67
830,49,81
831,148,100
831,64,79
831,164,73
831,171,90
832,162,88
832,84,72
832,218,81
832,76,81
832,38,90
833,209,98
833,95,88
833,73,89
833,69,88
834,102,85
834,49,68
834,176,60
834,42,92
835,132,77
835,136,74
835,147,76
836,172,90
836,8,91
836,80,73
837,226,98
837,26,68
837,58,99
837,104,95
837,52,90
837,173,95
838,73,88
838,253,67
838,272,84
838,265,92
838,240,73
838,44,79
839,210,63
839,225,81
839,51,66
839,134,84
839,211,63
839,77,75
840,230,62
840,175,63
840,195,90
841,139,92
841,193,83
841,75,65
841,132,74
842,267,97
842,150,92
842,9,61
842,106,75
843,225,66
843,28,71
843,21,78
843,183,82
843,259,72
844,11,68
844,124,100
844,95,80
844,130,75
845,271,98
845,13,71
845,56,76
845,145,82
845,36,69
846,30,90
846,231,98
846,162,73
846,142,99
847,162,100
847,67,84
847,246,66
847,204,86
847,12,81
848,247,98
848,158,94
848,168,96
848,70,61
849,128,76
849,93,83
849,83,90
850,120,83
850,221,79
850,110,96
850,96,79
850,152,92
850,202,69
